{"cameraMode":{"drawMode":0,"name":"Shaded","section":"Shading Mode"},"sceneLighting":true,"audioPlay":false,"sceneViewState":{"m_AlwaysRefresh":false,"showFog":true,"showSkybox":true,"showFlares":true,"showImageEffects":true,"showParticleSystems":true,"showVisualEffectGraphs":true,"m_FxEnabled":true},"in2DMode":false,"pivot":{"x":-0.0597991906106472,"y":0.08255007117986679,"z":-1.6567468643188477},"rotation":{"x":-0.00025829754304140806,"y":0.9995459318161011,"z":-0.02880447544157505,"w":-0.009010080248117447},"size":9.155875205993653,"orthographic":false}