{"cameraMode":{"drawMode":0,"name":"Shaded","section":"Shading Mode"},"sceneLighting":false,"audioPlay":false,"sceneViewState":{"m_AlwaysRefresh":false,"showFog":true,"showSkybox":false,"showFlares":true,"showImageEffects":true,"showParticleSystems":true,"showVisualEffectGraphs":true,"m_FxEnabled":true},"in2DMode":false,"pivot":{"x":0.6928863525390625,"y":1.3913229703903199,"z":4.918224811553955},"rotation":{"x":0.038618624210357669,"y":-0.056644413620233539,"z":-0.0021946527995169164,"w":-0.9976482391357422},"size":3.032900810241699,"orthographic":false}